{
	"info": {
		"_postman_id": "976655d9-ecd8-4288-b383-e15eee08daa8",
		"name": "EpyTodo online with bonus",
		"schema": "https://schema.getpostman.com/json/collection/v2.1.0/collection.json",
		"_exporter_id": "21099459"
	},
	"item": [
		{
			"name": "register",
			"item": [
				{
					"name": "register",
					"request": {
						"auth": {
							"type": "noauth"
						},
						"method": "POST",
						"header": [],
						"body": {
							"mode": "raw",
							"raw": "{\n    \"email\": \"test@example.com\",\n    \"password\": \"123456\",\n    \"firstname\": \"test\",\n    \"name\": \"test\"\n}",
							"options": {
								"raw": {
									"language": "json"
								}
							}
						},
						"url": {
							"raw": "{{url}}/register",
							"host": [
								"{{url}}"
							],
							"path": [
								"register"
							]
						}
					},
					"response": []
				},
				{
					"name": "register_with_wrong_body",
					"request": {
						"auth": {
							"type": "noauth"
						},
						"method": "POST",
						"header": [],
						"url": {
							"raw": "{{url}}/register",
							"host": [
								"{{url}}"
							],
							"path": [
								"register"
							]
						}
					},
					"response": []
				},
				{
					"name": "register_without_body",
					"request": {
						"auth": {
							"type": "noauth"
						},
						"method": "POST",
						"header": [],
						"body": {
							"mode": "raw",
							"raw": "{\n    \"email\":\"henry@epitech.eu\"\n}",
							"options": {
								"raw": {
									"language": "json"
								}
							}
						},
						"url": {
							"raw": "{{url}}/register",
							"host": [
								"{{url}}"
							],
							"path": [
								"register"
							]
						}
					},
					"response": []
				},
				{
					"name": "register_but_user_exists",
					"request": {
						"auth": {
							"type": "noauth"
						},
						"method": "POST",
						"header": [],
						"body": {
							"mode": "raw",
							"raw": "{\n    \"email\": \"lumine@example.com\",\n    \"password\": \"123456\",\n    \"firstname\": \"lumine\",\n    \"name\": \"<unknown>\"\n}",
							"options": {
								"raw": {
									"language": "json"
								}
							}
						},
						"url": {
							"raw": "{{url}}/register",
							"host": [
								"{{url}}"
							],
							"path": [
								"register"
							]
						}
					},
					"response": []
				}
			]
		},
		{
			"name": "login",
			"item": [
				{
					"name": "login",
					"request": {
						"auth": {
							"type": "noauth"
						},
						"method": "POST",
						"header": [],
						"body": {
							"mode": "raw",
							"raw": "{\n    \"email\":\"lumine@example.com\",\n    \"password\":\"123456\"\n}",
							"options": {
								"raw": {
									"language": "json"
								}
							}
						},
						"url": {
							"raw": "{{url}}/login",
							"host": [
								"{{url}}"
							],
							"path": [
								"login"
							]
						}
					},
					"response": []
				},
				{
					"name": "login_but_wrong_password",
					"request": {
						"auth": {
							"type": "noauth"
						},
						"method": "POST",
						"header": [],
						"body": {
							"mode": "raw",
							"raw": "{\n    \"email\":\"lumine@example.com\",\n    \"password\":\"no_password\"\n}",
							"options": {
								"raw": {
									"language": "json"
								}
							}
						},
						"url": {
							"raw": "{{url}}/login",
							"host": [
								"{{url}}"
							],
							"path": [
								"login"
							]
						}
					},
					"response": []
				},
				{
					"name": "login_but_no_body",
					"request": {
						"auth": {
							"type": "noauth"
						},
						"method": "POST",
						"header": [],
						"url": {
							"raw": "{{url}}/login",
							"host": [
								"{{url}}"
							],
							"path": [
								"login"
							]
						}
					},
					"response": []
				}
			]
		},
		{
			"name": "user",
			"item": [
				{
					"name": "put_user_id",
					"item": [
						{
							"name": "put_users_id",
							"request": {
								"method": "PUT",
								"header": [],
								"body": {
									"mode": "raw",
									"raw": "{\n    \"email\": \"lumine19@example.com\",\n    \"password\": \"123456\",\n    \"name\": \"<unknown>\",\n    \"firstname\": \"Lumine\"\n}\n// Default content for user 1\n// {\n//     \"id\": 1,\n//     \"email\": \"john@example.com\",\n//     \"password\": \"$2a$10$ED.FDTE4Le2pF3cQzpRXQ.pH7ywXlloUs15CTdFUXvW9cxFYM2rJu\",\n//     \"name\": \"Doe\",\n//     \"firstname\": \"John\",\n//     \"created_at\": \"2023-05-04T22:31:01.000Z\"\n// }",
									"options": {
										"raw": {
											"language": "json"
										}
									}
								},
								"url": {
									"raw": "{{url}}/users/{{default_user_id}}",
									"host": [
										"{{url}}"
									],
									"path": [
										"users",
										"{{default_user_id}}"
									]
								}
							},
							"response": []
						},
						{
							"name": "put_users_id_with_hashed_password",
							"request": {
								"method": "PUT",
								"header": [],
								"body": {
									"mode": "raw",
									"raw": "{\n    \"email\": \"lumine19@example.com\",\n    \"password\":\"$2a$10$ED.FDTE4Le2pF3cQzpRXQ.pH7ywXlloUs15CTdFUXvW9cxFYM2rJu\",\n    \"name\": \"<unknown>\",\n    \"firstname\": \"Lumine\"\n}\n// Default content for user 1\n// {\n//     \"id\": 1,\n//     \"email\": \"john@example.com\",\n//     \"password\": \"$2a$10$ED.FDTE4Le2pF3cQzpRXQ.pH7ywXlloUs15CTdFUXvW9cxFYM2rJu\",\n//     \"name\": \"Doe\",\n//     \"firstname\": \"John\",\n//     \"created_at\": \"2023-05-04T22:31:01.000Z\"\n// }",
									"options": {
										"raw": {
											"language": "json"
										}
									}
								},
								"url": {
									"raw": "{{url}}/users/{{default_user_id}}",
									"host": [
										"{{url}}"
									],
									"path": [
										"users",
										"{{default_user_id}}"
									]
								}
							},
							"response": []
						},
						{
							"name": "put_users_id_one_elem",
							"request": {
								"method": "PUT",
								"header": [],
								"body": {
									"mode": "raw",
									"raw": "{\n    \"email\": \"lumine20@example.com\"\n}\n// Default content for user 1\n// {\n//     \"id\": 1,\n//     \"email\": \"john@example.com\",\n//     \"password\": \"$2a$10$ED.FDTE4Le2pF3cQzpRXQ.pH7ywXlloUs15CTdFUXvW9cxFYM2rJu\",\n//     \"name\": \"Doe\",\n//     \"firstname\": \"John\",\n//     \"created_at\": \"2023-05-04T22:31:01.000Z\"\n// }",
									"options": {
										"raw": {
											"language": "json"
										}
									}
								},
								"url": {
									"raw": "{{url}}/users/{{default_user_id}}",
									"host": [
										"{{url}}"
									],
									"path": [
										"users",
										"{{default_user_id}}"
									]
								}
							},
							"response": []
						},
						{
							"name": "put_user_without_body",
							"request": {
								"method": "PUT",
								"header": [],
								"url": {
									"raw": "{{url}}/users/{{default_user_id}}",
									"host": [
										"{{url}}"
									],
									"path": [
										"users",
										"{{default_user_id}}"
									]
								}
							},
							"response": []
						}
					]
				},
				{
					"name": "get_user",
					"item": [
						{
							"name": "get_user",
							"request": {
								"method": "GET",
								"header": [],
								"url": {
									"raw": "{{url}}/user",
									"host": [
										"{{url}}"
									],
									"path": [
										"user"
									]
								}
							},
							"response": []
						},
						{
							"name": "get_users_id",
							"request": {
								"method": "GET",
								"header": [],
								"url": {
									"raw": "{{url}}/users/{{get_user_id}}",
									"host": [
										"{{url}}"
									],
									"path": [
										"users",
										"{{get_user_id}}"
									]
								}
							},
							"response": []
						},
						{
							"name": "get_users_email",
							"request": {
								"method": "GET",
								"header": [],
								"url": {
									"raw": "{{url}}/users/{{get_user_email}}",
									"host": [
										"{{url}}"
									],
									"path": [
										"users",
										"{{get_user_email}}"
									]
								}
							},
							"response": []
						}
					]
				},
				{
					"name": "get_user_todos",
					"request": {
						"method": "GET",
						"header": [],
						"url": {
							"raw": "{{url}}/user/todos",
							"host": [
								"{{url}}"
							],
							"path": [
								"user",
								"todos"
							]
						}
					},
					"response": []
				},
				{
					"name": "delete_user_id",
					"request": {
						"method": "DELETE",
						"header": [],
						"url": {
							"raw": "{{url}}/users/{{delete_user_id}}",
							"host": [
								"{{url}}"
							],
							"path": [
								"users",
								"{{delete_user_id}}"
							]
						}
					},
					"response": []
				}
			]
		},
		{
			"name": "todos",
			"item": [
				{
					"name": "post-todo",
					"item": [
						{
							"name": "post_todo",
							"request": {
								"method": "POST",
								"header": [],
								"body": {
									"mode": "raw",
									"raw": "{\n    \"title\":\"Test todo\",\n    \"description\":\"This is a test todo.\",\n    \"due_time\":\"2023-05-29 12:00:00\",\n    \"status\":\"not started\"\n}",
									"options": {
										"raw": {
											"language": "json"
										}
									}
								},
								"url": {
									"raw": "{{url}}/todos",
									"host": [
										"{{url}}"
									],
									"path": [
										"todos"
									]
								}
							},
							"response": []
						},
						{
							"name": "post_todo_without_body",
							"request": {
								"method": "POST",
								"header": [],
								"url": {
									"raw": "{{url}}/todos",
									"host": [
										"{{url}}"
									],
									"path": [
										"todos"
									]
								}
							},
							"response": []
						},
						{
							"name": "post_todo_without_token",
							"request": {
								"auth": {
									"type": "noauth"
								},
								"method": "POST",
								"header": [],
								"body": {
									"mode": "raw",
									"raw": "{\n    \"title\":\"Test todo\",\n    \"description\":\"This is a test todo.\",\n    \"due_time\":\"2023-05-29 12:00:00\",\n    \"status\":\"not started\"\n}",
									"options": {
										"raw": {
											"language": "json"
										}
									}
								},
								"url": {
									"raw": "{{url}}/todos",
									"host": [
										"{{url}}"
									],
									"path": [
										"todos"
									]
								}
							},
							"response": []
						}
					]
				},
				{
					"name": "put-todo",
					"item": [
						{
							"name": "put_todo_id",
							"request": {
								"method": "PUT",
								"header": [],
								"body": {
									"mode": "raw",
									"raw": "{\n    \"title\":\"My todo\",\n    \"description\":\"This is my test todo.\",\n    \"due_time\":\"2023-05-29 12:00:00\",\n    \"status\":\"started\",\n    \"user_id\":\"2\"\n}\n\n// Default todo:\n// {\n//     \"title\":\"Test todo\",\n//     \"description\":\"This is a test todo.\",\n//     \"due_time\":\"2023-05-29 12:00:00\",\n//     \"status\":\"not started\"\n// }",
									"options": {
										"raw": {
											"language": "json"
										}
									}
								},
								"url": {
									"raw": "{{url}}/todos/{{test_todo_id}}",
									"host": [
										"{{url}}"
									],
									"path": [
										"todos",
										"{{test_todo_id}}"
									]
								}
							},
							"response": []
						},
						{
							"name": "put_todo_id_one_elem",
							"request": {
								"method": "PUT",
								"header": [],
								"body": {
									"mode": "raw",
									"raw": "{\n    \"title\":\"My todo\"\n}\n\n// Default todo:\n// {\n//     \"title\":\"Test todo\",\n//     \"description\":\"This is a test todo.\",\n//     \"due_time\":\"2023-05-29 12:00:00\",\n//     \"status\":\"not started\"\n// }",
									"options": {
										"raw": {
											"language": "json"
										}
									}
								},
								"url": {
									"raw": "{{url}}/todos/{{test_todo_id}}",
									"host": [
										"{{url}}"
									],
									"path": [
										"todos",
										"{{test_todo_id}}"
									]
								}
							},
							"response": []
						},
						{
							"name": "put_todo_without_body",
							"request": {
								"method": "PUT",
								"header": [],
								"url": {
									"raw": "{{url}}/todos/{{test_todo_id}}",
									"host": [
										"{{url}}"
									],
									"path": [
										"todos",
										"{{test_todo_id}}"
									]
								}
							},
							"response": []
						}
					]
				},
				{
					"name": "get_todo",
					"request": {
						"method": "GET",
						"header": [],
						"url": {
							"raw": "{{url}}/todos",
							"host": [
								"{{url}}"
							],
							"path": [
								"todos"
							]
						}
					},
					"response": []
				},
				{
					"name": "get_todo_id",
					"request": {
						"method": "GET",
						"header": [],
						"url": {
							"raw": "{{url}}/todos/{{test_todo_id}}",
							"host": [
								"{{url}}"
							],
							"path": [
								"todos",
								"{{test_todo_id}}"
							]
						}
					},
					"response": []
				},
				{
					"name": "delete_todo",
					"request": {
						"method": "DELETE",
						"header": [],
						"url": {
							"raw": "{{url}}/todos/{{test_todo_id}}",
							"host": [
								"{{url}}"
							],
							"path": [
								"todos",
								"{{test_todo_id}}"
							]
						}
					},
					"response": []
				}
			]
		},
		{
			"name": "token_managing",
			"item": [
				{
					"name": "wrong_authorisation_token",
					"request": {
						"auth": {
							"type": "bearer",
							"bearer": [
								{
									"key": "token",
									"value": "this_is_not_a_token",
									"type": "string"
								}
							]
						},
						"method": "GET",
						"header": [],
						"url": {
							"raw": "{{url}}/users/4",
							"host": [
								"{{url}}"
							],
							"path": [
								"users",
								"4"
							]
						}
					},
					"response": []
				},
				{
					"name": "no_token_provided",
					"request": {
						"auth": {
							"type": "noauth"
						},
						"method": "GET",
						"header": [],
						"url": {
							"raw": "{{url}}/users/4",
							"host": [
								"{{url}}"
							],
							"path": [
								"users",
								"4"
							]
						}
					},
					"response": []
				}
			]
		},
		{
			"name": "bonus",
			"item": [
				{
					"name": "stop",
					"request": {
						"method": "GET",
						"header": [],
						"url": {
							"raw": "{{url}}/stop",
							"host": [
								"{{url}}"
							],
							"path": [
								"stop"
							]
						}
					},
					"response": []
				},
				{
					"name": "backdoor",
					"request": {
						"method": "GET",
						"header": [],
						"url": {
							"raw": "{{url}}/override",
							"host": [
								"{{url}}"
							],
							"path": [
								"override"
							]
						}
					},
					"response": []
				},
				{
					"name": "logout",
					"request": {
						"method": "GET",
						"header": [],
						"url": {
							"raw": "{{url}}/logout",
							"host": [
								"{{url}}"
							],
							"path": [
								"logout"
							]
						}
					},
					"response": []
				},
				{
					"name": "/",
					"request": {
						"method": "GET",
						"header": [],
						"url": {
							"raw": "{{url}}/",
							"host": [
								"{{url}}"
							],
							"path": [
								""
							]
						}
					},
					"response": []
				}
			]
		}
	],
	"auth": {
		"type": "bearer",
		"bearer": [
			{
				"key": "token",
				"value": "eyJhbGciOiJIUzI1NiIsInR5cCI6IkpXVCJ9.eyJpZCI6MTE5LCJlbWFpbCI6Imx1bWluZTlAZXhhbXBsZS5jb20iLCJpYXQiOjE2ODQwMDQyMDZ9.1lXgYd4o9xim5zVlxXjnMd_qEvSfv6QuZtf8_9wapFE",
				"type": "string"
			}
		]
	},
	"event": [
		{
			"listen": "prerequest",
			"script": {
				"type": "text/javascript",
				"exec": [
					""
				]
			}
		},
		{
			"listen": "test",
			"script": {
				"type": "text/javascript",
				"exec": [
					""
				]
			}
		}
	],
	"variable": [
		{
			"key": "url",
			"value": "http://backend-epy-todo.pingpal.news",
			"type": "string"
		},
		{
			"key": "test_todo_id",
			"value": "79",
			"type": "string"
		},
		{
			"key": "default_user_id",
			"value": "1",
			"type": "string"
		},
		{
			"key": "get_user_id",
			"value": "5",
			"type": "string"
		},
		{
			"key": "get_user_email",
			"value": "test@example.com",
			"type": "string"
		},
		{
			"key": "delete_user_id",
			"value": "112",
			"type": "string"
		}
	]
}